<Page 
  xmlns="http://schemas.nativescript.org/tns.xsd" 
  xmlns:mk="~/SelectorPlugin"
  navigatingTo="onNavigatingTo">

  <ActionBar title="ViewSelector Usage" icon="" />
  
  <StackLayout backgroundColor='blue'>

    <StackLayout orientation='horizontal'>
      <Button id='btn1' text="Button1" width='26%'/> 
      <Button id='btn2' text="Button2" width='26%'/> 
      <Button id='btn3' text="Button3" width='26%'/>
    </StackLayout>

    <StackLayout height='20%'>
      
      <mk:ViewSelector 
        id='vs1' color='lightblue' borderColor='black' selectorWidth='5' selectorColor='red' borderWidth='1' 
        views='btn1, btn2, btn3' textColor='black' 
      /> 
    
    </StackLayout>
    <Label />
    
    <GridLayout width='100%' height='100%' columns="140%, *" padding='10'>

      <mk:ViewSelector  col='0'
        id='vs2' color='blue' borderColor='black' selectorWidth='5' selectorColor='lightblue' borderWidth='0' 
        views='lbl1, lbl2, lbl3' textColor='white' selected='lbl1' 
      /> 
      

      <StackLayout col='1' height='100%' backgroundColor='darkblue' verticalAlignment='stretch'>
        <Label id='lbl1' height='33%' text='Apple Apps' fontSize='24' color='yellow' horizontalAlignment='center' />
        <Label id='lbl2' height='33%' text='Android Apps' fontSize='24' color='yellow' horizontalAlignment='center' />
        <Label id='lbl3' height='33%' text='Window Apps' fontSize='24' color='yellow' horizontalAlignment='center' />
      </StackLayout> 

    </GridLayout>
  </StackLayout> 
</Page>
